"","session","feedback"
"1","ZdR4aDaGJREjwULfxfiD9t796-m96z2kVJXS9QXAZDOilVVXuXYQHk18iP2cKNzO",""
"2","0v2PdEJtuooIxQPXG_GbwgttdaskqX10XRzz9v9m4XLZCiadfqumJvebwooWBKYk",""
"3","uqdr_Z1czUH1Z7iI_fgCeI-js-2jr53QPG8WjEZKD4nGYyeOD4hOVUvKDmum6xDv",""
"4","uM4_F2OzWYrqEC-GKGXJls_TF_3-iq-tCz93l_JgTBstb8hxrcgtkjnuhaFPl4MK",""
"5","XDNanO_O4bT3D5bp2QdefvcuYud9a3PBtUzeCKxAtfUJaYHxOZb-z6R1Cu3p0I4P",""
"6","P02e-78mRkUKz2fF08yQpog6LVPnLeVMtXGx496DlItBA_n-MddgkqDK13nXCf7A",""
"7","PqPoVxg8B4MlS_1qX3phuySYGknr43-Xa76uXGfYtRBqvyyeJctNj2d82s8uw0wW",""
"8","JjqLUmqMKohubff54D-kqEuCv_m69vs9mBR2LCR0c5vuk8kdGM1H50IA2FVZLLjh",""
"9","4_Ln4M-6dsIepUJdEtggpz6r0N5HUax-XVyJru5RZbxJEv8D8XKTwhijt_LcndLS",""
"10","anS22eAsj0ldZDrEjSovtf-R-tBtvjNOyS2my1NxPYeISQ_JhVCKGu1kWoAS9pc6",""
"11","yYU_HDcosMs7yPWsQhoifVS3b4hxss0BLPOnMZ2CPJy_0IVPqdyaTGlqmKXAs_zy",""
"12","597CoMlK9k_kyHfyhjZJrTaRVZuf6AQQbQMwUos4P7Z93bgAejgI-Dr5yIh6Nfuj",""
"13","8C6OWEG2AhKIRTe6tuTi-ra8OX7Wmf2hIF5jNxiFjAnTZ78XTPVzdxI_lFVh92y4",""
"14","vGB2dMPZfc1JISo57n5pNhVSqyHpKZvJnkXCIp3l2fZTgK2x365eeggbxB-wcGRn",""
"15","Vi6L8MjoRgYBVUB7QAIkJDmAdu5YJ2lVZJK4APbEOmwIC1EYWv7SLyiY8nThOMW5",""
"16","PXICswN3PvAzs8OYGzJBJVP1vg0ki1qI3v1gzQ5N5PyaCxUznZxW_gANm0A284z5",""
"17","hh9b1XjecI9EU1B4k0zTwLTDWXjwRlz3pB78bwzHYhM81ZiIRBR-ixOrKzIH61be",""
"18","UYqugb64CJEXXnJlf0FXwdOpuouR8by5g5Ero4CZlIEAfVf_vnOgJnXtNyqfAUgt",""
"19","jZGxZ7OLoK9OqR73BpiY3PZyLSoWEPtzlts1SCZyfMOss_wD6NySNRlMaPSp8bqb","Thank you"
"20","kJgtdFx9nYxEJl2Goy7OhxM7a3BEoaefLJU_IKTCXdykWc7eefOz_Plm-hLrnq94","I think the most dangerous and contagious thing ""going around"" right now is paranoia..."
"21","g85cVBf7KUo1Udvk0MspPJatwaOSRfxbfISuTt3wnf0wfRdEQVt1rN8Grk310vvT",""
"22","ugkSyvLq5qhhfiHycxALFVvAkAi_o288IV4SulsyzDKhwR32h2lWPH_fvQJzoOCv",""
"23","Lgsfqrb-VWeYq-vHH1kDxJ0RBxXpXD4LIBUkMULBI50HAl8rvbPgHuqfbS6FCmyI",""
"24","7vcsML1AE5c1dQwMV2rkSDxaCs-9gcH6X9rr91KmUw26gfntR7sIe_haS6MP84_b",""
"25","2LoYbelr6w0ar9g_KcMdXQJrlTgi-tHnwwD6Q1Qvk9ZuInuB6E5zlnD4-eocLSZ3",""
"26","ktYzPdaDY9hCD8TQeXPshBWp86pyva6i5vmnZ-qd1AhoGkKU-yJ4AVkvhF7pQVb4",""
"27","sNekINh5QE-i3QS7204JJSJidiDxMoG2UnSkLt5eLhiPZ3RL-lVwFfnsXzCUqEUc",""
"28","q1RChjzeie2KhJ8XgLFOfroOWb6GG8lb4ywag3Ly7cdj2i_gIOBHa-wDQ0AWa_fa",""
"29","ZDw1cRDO8trfNJK4eYx72ls2BNaezPa4Y7I2eLTtBBzeTOpxmaX2jsJtqtoO_gsi",""
"30","rAa4cbbPmwVQYPKMVzCyHjgJTtLDwtoxwc9sdsXvwvVyCPnbJ6qoO8cd1fEdFXTM",""
"31","3RiKvFIfDNpOTDBf7SHr7K6QxpVfKsFLAenkmueC4krH7c7j0RdvJhEWLZJA3izH",""
"32","18b6lwQ_5WbbBQz49gjNInoZLJoCYsGv9FEcckLUTKTuXS9kwfyJzP8ri5AXiVtf","It was an interesting survey.  Happy to Participate."
"33","x11klBcGaAnE9DtaMr5fUI6lmf5Oa3beOQhrchD7pJFHqMW1py02d-p8uvXuHib6","Thank you, and have a nice day!"
"34","Px19jWiU-uLptvpLCcZAXbwBe9JPboriSICS4veqYPMUOCmYoe0Uy6wm-inPdhsR",""
"37","Gt70r9vbsOxzp5-qNzCBARytR4StpaJtToHcXLzV8hkNAm75Xqr8d6cQDGX8PnZ5",""
"38","W4lzO44FC98ZgDvbpRsIMFO6dbe6VrmAkg89PQ5qcDWCra1_rXxHe11_npJUQD-1",""
"39","xwlaxC62Rrz0YMTLBSb9CGowF5yVeEUHN6Z8TCr3dnbR2SxCW-kbPvhcP4IEtEYW",""
"40","PnISUERZ695o-bBeHMk2l2LxhVP_SIKVTfajNO6DzF8jwlHzdJz2tqg4b2GZJlHE",""
"41","_4sqOC9crijAGtz52n_LHkThU58cXh8tDhia_mq46rZ3Wg4YQ2PPWNcvNCWLe4Vu",""
"42","7ZPHFXQnob2wyFXEtiPkjuV6xuduG1_eKVc_TqhHoRMAy2F7ctmnWbNWa210Mto2","ty"
"43","fX3Urap7ltjeWg31aIf-OPaXDHGwb0BZZpOK7PvUA58VRScHgXKiaMRg1qf0MpZU",""
"44","HtqdckpY1xioaScG7yLcY-Wabx1DqqmkV5IqORr4HCKhPaaa3MuNUJLPqHKz1kSg",""
"45","zQVs6zKz0pejgMSOM7iofxs0Z-Ir6_gdXPq24dYQAL0N4RLoKjMxzbK5QNQDaEXN",""
"46","pKi5QwJXKMRlgrZjVJwtFDOl6f5epToB95wPxdQbwBcsQ5x_N0tlA0Cvd8vvgTZb","thanks"
"47","3gzWJRW3AUtQWJMtMceNLUjx2IWn17j48NmrMLSoMOo3gvSveZ8zNuor05kQuIss",""
"48","gCyCCWN1p17ZVwJu1KiDmCwKEXCArHD4qVbCd_p5jH4R8rzuB2ty30-k1PyPNM3z",""
"49","-H128l4VhqTdmV88nniw-WTTXnCoq8Ou08DzzUQ4YoO9pZlITaakfu0DDiaFXDhA",""
"50","JsBQZ2k_oFpaNS-a7MWN4PEdVdBhj2hjRn1Xr-evdCFYqKOpKrnqyn2SwJWsCrxA",""
"51","4ZO4-9nHHM43zsYER2Srj9uvrCn8QJvL7MIssMUUSIx_aFBUZwwJFOxikk1EHeZ8",""
"52","TGEryFxT8LAglGrFT12kkDjRF2wFGTUezfyBS47ESL1dOUGMokOLb1jaOc1SXnBs",""
"53","aaWMQw3-JguM4XVZ-A3eb84Lw_BeVaXJz2kLkFlmgkg0JAAR05KQfJ9iO2vcaW0l",""
"54","Tfou9cSx-Ksiq0wsg0hWaAifzlT7XKFyeL1TCOsk6NM_tWSuXxgz1NUPzuxHPSYX",""
"55","w3VXxB4ix1F8YscWJ0tUtDpuEPfNwjolwVAKNMTNmd8_KhHH0qjKu4yC_gVIi-ap",""
"56","NY0PDgy9MDjw31eqSoLwd1WiUAsu1e8XtPt_eFSKwdfcs_xR8Ac_I3Gz1UQfyHAI",""
"57","wTogbZNel4HgrvKa17yiLwY2BChAdX2Jpy3Mfs42Dq88zjQ29sZtTYsWRpYuciIG",""
"58","bF3EvgVSh2RRhhQEjMze0z1b8HVpjbJx7Z1kG4vjYFuwNLOtmnpkkd67DPiyzRBj",""
"59","iFrsE0-F5LjIrQUbbnJqoe7hkml3eUIeoBYe-LyUxRN6oJzAH-x2f8wShVaq1l-H",""
"60","cYCPqfhU5j0x3vgTx6nTdky_ah40sdMo7eXdH6Be0Aja618TAYdKjUfFYOKf6kHv",""
"63","k7qkWLYkH4twn47KW9gdwpjzmOxhMHECBrfdYfd-2Wy6XUjis2USZDrfmGYsLRvt",""
"64","mUHiH-9qe2eFUxqNalUhsCB84KXrr36SW7Rvw8kWHYTyiTfBDqvgz6ecP0JlORpc",""
"65","gQOxONlkEnGDjndmocLSgQrj1YSd3AhxZHNbNNShU0gghcPI8srCtvVx3mHiUyWt",""
"66","4g3MqMRfw1HTEK58DlXjNl9T8T6iH4FH23R760p21uZs7J4f1UWp7CiCxonlqXq5",""
"67","fX5PxCOs_XTbmDG8tCsNm0uujKwMMGRUqCawTWEjIajfmZK5O5z8BhjdZef7TGGp",""
"68","lmHBWj2ogkkebmUaLLTJaNgdD_bF9S9KBjJrI_Htma8Wmp81oyn_EPpgsoMK8AOq",""
"69","OHe1EsnQv0MwRuCDRZ_8XNCTUXmceOQXjFtz4CVz5EjAh4-4abgV4gZCiImW3JyS",""
"70","IfiNYbhE8qIVYgTaq37v4LNkbJYN6VbXVch_m0tjW89yyhHrFFK2d6jVffuF45z_",""
"71","et7cvl3kcvLUKG8Cd4ce_mlH9vEfO49WBdamWOLOiCuXB5zIQP6gskUJf5J2sF-F",""
"72","rRPVCPml0gQTfBpuSjCgFP0_DJqRgEKa-Ag3Gt7J4Cy9zOQ7uGXi17gV9FSQW7NH",""
"73","GhuxeHm5EWwCHvg9VnjfP3PIl1a3JOw40IsCK_3KjhIbCS1_2yRkBqLQx7HdwHj_",""
"74","2H8dxef_9vZHv11GfPP02lHilponZRywCdKo4R1OhoqQKuZvhOJTQ_N0Fu5M0e6C",""
"75","suqdOSdnBmE9vVoCZqE4w2iwW0__JU9MGeZfHcnnMbKVJI4CjKxUj7gnSt5LOKV0",""
"76","ZZltz4MGKIrDpHzVl89zZaMXHj7BVjMrjpYNwycki8w9lDoW3QR00YqU5m5BfuCV",""
"78","qOeUd28OJcJy8xXSuoDbpQO4nNmh4pX_GxNehP4W8dLBcGbnbsy3d-UBzNE6VSeu",""
"79","r9BaexO5GxyZxDSgBrI-LtUbgiw5hHGs8wpOPiup2pf5ShXOB-SFlmQswJH3NWcM",""
"80","pEVA6ZNO7zMfrBHCdoq7q0YJxfO9wZkP0uqG6zqw1YXJ0-IvqXaYKwtw4_e6cD-r",""
"81","5oYk1OpjRQx9wl0bw_Pm_vOru2vUhrDQ29T8-OHRJEvRk1X7u_i_JyBpkCQrdquR",""
"82","5F99J0lLG2dENwm0qeF_QGzwmpEWhnkYfNywORvvaZ1i8dDaP0YxtdZHO_MVdYQ9",""
"83","PbHJr4FYl9eb9xSOTvS2-B1ZXMYYtAvisLnzfRAAtdyRVU_VULzjpcUzzCWnC2-P",""
"84","nPyMYf-e4ZcvuS9knXHHi0CyhT5hh4yOMF6CCPTPb1CW-iqNswxbEgFKMD9oFYX9",""
"85","vYi_K8wSZkDw6BH86x8mWRqwqpfntYBMFY8MPRQXRHDZtCpza0tg3y9gYLqqNKSy","We are going through a very difficult period right now with the coronavirus, but like all of the health and financial crises that came before it, it will pass."
"86","yiS8n-M8y10vddrMYNLWhDmTF5l5wVtEjWa22H4t7aWc-rgIazw6CMQzmUKmzTJC",""
"87","sXIpjakdzjEjI0EBYH5weJssYuFrnGN-24LwtZhGrn1jqfMvk4glD6w6hm-v0DBf",""
"88","v5CKwEFT3kSKZJYpddbn4DERi5tClrbQfOTgubEaELZstzq9UzFE-DxtMy8lKMuK",""
"89","lhKu4YPjWPekF8u-ryG8maMap2XKst3HHcWgSsNPRAbsHVNPvTxTEqz-lc3bGcOL",""
"90","lgqLw8l91kdMr_OcBEwV04qVH0ASqatCJVw9heaHDTrQQV0lnka3fbKGe-JKP6qu",""
"91","QxSuEz2cdmNOeCcO1qO_RBDvA-ZXYwhouQL9zPJIyxn_wOf1kHr0EtL5w55Efn-w",""
"92","OnpMrA1L6_X0EBBogzghHOz53va7x3rBo7AdkQrYN49b5DE1_FvbCieEtaxqtnuK",""
"93","SJtyr-FUrh4heYhVFyMZGsAeIC33ITJK7snXrkCdn391fIB4mltrACUACQqVp5QO",""
"94","hzam-6-Uvy20iXncyxTnnd_zUanOVm4N2utD5qFba7m6GuxJ5c1R1NzzIkuwN8_v",""
"95","jz6qeBfChU73e7ledTLxrCiDz11KJ68X2qGCcFFoOLgEVdRmTotI6C2NgsR_EH_P",""
"96","mtYb1J5GiOaOawvS94kTMJrr05xsQ-j57bv8I03TMPdJZazWDOZ9OPMlTJmG7jBq",""
"97","Br7irZ0DnBi7aO5DWXu7ShU1b9US6gJlnp_KWgRb3AIgaVJeVjWUrQ8MdnhvhlsU",""
"98","j2t0FEo31ldNG_I0pH3QuuXwQ5o_J5IiAER7NaGzq2U-l_KvmqrQtS16r-RCgwWT",""
"99","jcwHGSplQ80Lty4sryhH6aniPfdeIHqoWYFwaFXNgbGl36U_8XQ2dvmRwwwVydHc",""
"100","KgBMvfa1X9U4LbMywOS9QBNY0VR4vT48umzRu-U-SwmZDNTY8KErdyX7ZjZPnDAo",""
"101","juOI3hFcC5GisUMMR5EXHn-0H4W-4rP2T-Vl2RBTnHVcQKd_bkt_F93Dk9L_baqW","This was pretty easy survey."
"102","jxJR1rr_SrTeFF7em_0C0c96akjdpKtb42HYkb2hMGHNB-oJNlGMGmFR5ARevqeJ",""
"103","Y4czy7afMr2VNfQj8V1orZPBJH4UwH4VVmJBdQdWbpajuVfrIuV44GHrLYRLh9CB",""
"104","VFwOFct4m_n3bciG4mTjhQ4EdxD4K4mYqS-_99PnhYk31h-jMCMwst-vDY2PJg9x",""
"105","vI83C8dbfQNt8d12HV4pvsZ5w83hbefBALyNLmLwk6ne_JjRpV-mi8gKiNtLzYio","Interesting survey, thank you."
"106","SBlnmjRrzrQ4agJNQGoqyQSkOCIc0IlblpipLX7leA0cw9uIg6Ta2TjJtxp0A5S6",""
"107","UHRrwOzUIMx6cvUiMMsB3R8fjWkiAEiQ_AGh5thrnPoieRyOQoKEFXd1ygMNj_ML",""
"108","g85rmCnefESCdwd6-3f2j-lVdCwIstBGvcyadceQXXeJ2XU8DIg8jB8hgl4gTxXG",""
"110","NV-wAebjbRBlboJ_rdcgz7xLIhh5Gzc7emhAwA0ISH2DTjvSvscuyZeP8s02oIx-","A1OL3M196AOHTO"
"111","_vVPFJNNxSZeIQWFSXRBzYTy3BHpvUC5t54UQlkaanjmSqUhy5rSeuNW_GlCfTJl",""
"112","coLiS_azQ4sObnEWRtxUDXtKm1bFV_CMVqg9FHO1Q3S55uoaOdUNw2DO3rt5lYw8",""
"113","gFmYrAwNg2XWbtllDSg0FMSHcj457_B3jkmaOpo066BRxnTulDUbMzL1Df7mty-F",""
"116","SN89ktAJdosUU6BkVXJESeRPmJkvqg0nesL8jL8ySQT4RvFJUpvddsfQBXkfvdR-",""
"117","56fRh-vNvpbTsjIvc5qyJsrMUU6AUQZnrqSNfsx7IcGSaeOfa0OBCxHpM_sXVlKX",""
"118","wyoYA1UqtVYvROqSY5bGgzqwR3nkMb3sIjaYk_9s6KcdT-zxB4jZ0SksJmxz__Ve","nothing"
"119","gSF1UT4fYK3dhIMFALYbEHVExgWvcImwVhAGuVi3oTAFohRbzsZSJwOCRUn0worU",""
"120","c-J-TYBfPiaVOQ1bm-qV1reLQvd7XCK_WQxi61QbsiJnM2DwuDSeHwdOwMqQVKHJ",""
"121","q9Kd52MxEVgi2g1EvKNmfbfykdr6A7TERlc7QTK9oIxNNFS_vpqrq6P0Ek2qbI07","I hope my input helps. Thank you."
"122","dUTV7kkvy2gscjaCyCngCa_OugLWKa8xFAEfOGDNIoQB8XxaGtSMzm2h97XKItQh",""
"123","keOnG_9UlANz6DlG_9ylp5h7jVYQq5UlM_wuYEHPdNlJiDttM-SWT6vdzq_qn9_B",""
"124","o4BQ0D760f6HPGZq1UKp6L88OurV1govUjUkI1tHI7vDsbL3HKHsaUrCFCsHjOiH",""
"125","_8g9wypw79XQgkCoJRKzkae4OavBr7_JiFNjL5TrsxKBc-IgaogkmvRxnnTORy2p",""
"126","50UPnieNUi1kuSR4xtL6I8GK7xFc0RU5Kdm5uVJIS8nIOAQzAxDKBMcrcxfdupoH",""
"127","DgwVos5urssS7CwwG76Jjb-Ycs4YNQZnLw_KXl60V4gZLJjVo6S-y0IxRAC1z4ez",""
"128","W6cFDUpS8z8RZTZK620i2faoTHKt7A9WMS_PT-f_rK02BET5upQtvttpiNob-WiU",""
"129","Q7DlZaF52MekE_dG1WkvY0TVGlMf-6bwhSCBdCYQTlfy4eYtkjkdaAfIiXiHd-xz",""
"130","szxuYSRzr35obdxhr3rJAN8EX0cFSJgCe9ikYT9JdCzre4PSkTKh573BS4C82a-P",""
"131","DlO9hNoDBMPk7O_mCaR-JQ3EiCUGhQjGUbhRast-O5dKV9E5bd9nImEO2okhaiSp",""
"132","AqWs2U0CaHyjUrWThNgN5NHpLWiLGgA8EXAisqzAIa5xuNzHF2BoPqlWg2V70dsT","This is one of good study. Thank you. "
"133","iv6FSIRlCjXiGEQ5H_tRW6jagQ_RDkvLKahd_WjpMJ0soD7ofKLjC5Sgxubhc8ro",""
"134","_ZBl6qNvTKbU8XO5BYD4v9lr4v2k_MXbrCj523ImbC6pcECAOV34rEm6Vi3ZZEoO",""
"135","s0Vhbw4r4ja01w_tkgHVd1ywzKCEyLIQzOgUl9M9QL2oLsA75fvsIFJQ64Z2YRck",""
"137","AsOeIfNfEyy5U9TrflZ8_kndHgchBKn2ejzSNGAlnk7VrB9MI45v5OaA0X4wbXq3",""
"138","2Gq67Rz9C_vMtTh7_2OfixZl8oNwJEVshrhXD4PhEaTzi9wezutAIDj-NXP7HAlK","nice survey"
"139","nK54cgpQzHYGIIKKZE9cNE_VVvoucBObfsFp6uwBnINcSaqKLTEmNRHyUeO-ZPaZ",""
"140","0JInPpIe3JikSHKzpC2guVMSbjFyIm6NmD88OSV00P5VNBoyjGKti0EM4ptk1qlc",""
"141","T6s--dhXhMsXdwGnF0Qa_gB8JR9gfvkBq-ExQH3HadBoUSjwk-jCDO1k8DXbKa8z",""
"142","6LGP4yCTlmAOJGch0U0k6kxmseJm-GIZnZatsOBQGo1LWkg3Ngw7pDHLg4CVcJ3-",""
"143","WHzJ_-cI0ZQf_xuHnT4ICbguowzuLZlVxzWtsx3NCTVMqZh1ikysGk2f7vHwQaBl",""
"144","bsaCmB0PgTrzqNBB5kBsarDmA3tO3MH9nMjSwvv_oQnfsndwazXHh4j8cIMz6AOw","This gave me some unexpected responses  about who I am...or may be"
"145","s3GOTiZmMVaCZK9xzN736GPzBsFFSN_vYGct_wtwoBNr3hUoVtT5ySG1XYIaxVQO",""
"146","hAiR-3-cw6XDyRkc3bbDiOSlcGNeZhc_wvPpB0_sU3UxQV1kN8XrufDzYVyv3FAD",""
"147","D0xAbM5F5DNl6daRYSf5cpYzoGKjrqIj_E3Cx9C3AmBCpfen5rHKm1PDDiw0zsph",""
"148","iKzViqA7qtu1emZwidDiCYmPHBpAw93MdbHYdiwp4oQL7aM9_vPUIKYRuSafLcbF",""
"149","Or5XgoxNbjwqBCm5IZVdkKWKvMuJsOD_89bSsloN0ZO9qTAiKPxSrf-A67-DFBYX",""
"150","NmgbroTo-K7wDFGJVwjPvCcuZUst1ZYl3gSlr0iLYFY2FyvPbb-m6JPwWqN8auEF",""
"151","IBHJY6520yYOAmEkDcCizX9LGqfDUp0Hs_BbykU9B_M7YNLaiJV2TSmTC4BUhEN2",""
"152","A5a-bs8VBxCVe0DogHZGvwt_QtKMP_P-oVO_Gh1Io38GwA7dGvlVNk_2zTiUHW9L","Best of luck with the findings. Thanks for the survey. "
"153","Xv8sXfEzNXUwia2HCKoY9onPygv87iUuUwgi9R9s9KTNPg5XmoVJ62CB-lzdTADH",""
"154","7G-ziO2b6krYy7i6xM8BFHlOR_ySmO_nKNqEZxMyGfVnjv6-fRwTAtsmjJXxzjlp",""
"155","XNpo0nGkx91g8cDEIdbRgxBuyXG4zi9yX6naGgYfMfgBlpna_m_aEm0yGl7Ltjnz",""
"156","KZDjxjAGqtP3wsxURwFlOdUEilK6ld4O6Kne9yS0BZBk3PHCphoqKNXdODfoM5IC",""
"157","fqnBhjZdr5M0nT-BMNSKMglEbW4rOdzDjzlOiwC4XzalaNk9SVvup_cJRz2_Ocff","NICE SURVEY"
"158","c85tMaoipXK-QU0ONavm1gGHTvWc_GHb2qgHHX-5uRU7W6ct3Zk_846RVfGiEGem",""
"159","WdryTtLX2S0F7V8FyF1y1OftHGBk9gpWsc7gbcY7HLBSmsWkAxMemN3JSPjITrrj","good"
"160","xamCXwzfaIBO-Il8MJUIsvEIv1BYzIgJIR8NExZGNGctAYRJEQqEL4uwgC11Zel8",""
"161","oHkgm41fKMv6lF8aW7abUNlbVU9PS-mEwL2ii7dbvnQYSE3X0thfmeCI6B6lYetv",""
"163","8hRSkx6dKoVJY2Pu0S8ZOodgUeWgRcITgtS1Z3sFTLnfvif2-VPxlQbDu1NlWgTp","i like this study"
"164","J20kQHUWMx42v1C4TmyuLGM85I9j3ZPBf_8C2UXfZkqjye3yZojU2_d5sUH00Gx_",""
"165","50xCvXxr9M78NQYd6uJUgSHT3uILqcnOsX_vhKwgxjtd77bZXWHOab_Vry0ch9ir",""
"166","QxBLfYg8V7TM_ektBqNgvlDFno1GxKZRShOVunLK183fSUzJmaoSiy9gczBjohPv",""
"167","As3KOfKgiE9LFRn5HXinPXTEeh4DbDcHLnEvugYMijBO3aiJNe6Jso3H-pED_lf6","Nice task and thanks for the opportunity"
"169","8sNhNIXnq3ABpkLXWlkvwBywlDBf9949rEORr7JxO6HgDssdmfmY7Eyn2eA7Ocz4",""
"170","xyVzyj9QwEX2yHpkEKncS3wtM3Xf0k04zKZbfQjZ_rx2XNjnlr3mjorWE3wLo8pY",""
"171","cDe7_97XBnGavSuvFmylLCbqlbA2jYXhD0p5kUSK_4pemUkJ0DEIoEldrHc2CazF","ABSX0A42TG3BP"
"172","ptuHlTrHIB7lWm2GuEN8pOiZCUoRhK1SpoRR4JCqZVNJOd29K_Yv5JBY1fmiPR4N","none"
"173","qatrlOTiIVoPUFtVpOUi7SW3kmfuVnLMIHkY6xaK6x4wi-ndFqizAM3hTsSs8Zi-",""
"174","1s19cjkEg4dJIozwXQLxf6oa0t6PiPNclQR46Eu19ZxlDgNThqxBq33L8lcYTEH-","nice and useful"
"175","kqZPbkZJspZnUP5p_4wrfM_aAfa0MdlcvgsrUMaveY6SHJDZOFGJvZF_SOiF8PvG",""
"176","jOMUWhtb1L-_nZ_NARVSgHnhYQTuSj6o1pVabPbrwAYjCO1AIzOB7LB2OIULmPrq",""
"177","_VA-aLOg3HH0zoRl-TnjRlXq3Zir89gaCk6pTlC_8OAM2upQVg9y1uz1hDCLYqBT",""
"178","yg7aHOxMiJFVBd7resTvkxIDMNhyz0foRJ0GBaCrMZYpR10NbByOD4Ajap3PFNDO",""
"179","3LkFO4OmLSLqRoobFtLxnH7EW1CUwG3vznZZjYc05GxCn-ERP3n4jw_SV_SDfVR0",""
"180","ePuABnfCE8vFIy7uY0qVhlC7QPcKuf8XuTPOXKfJFhMlNBkFpj49z-JRucQrICiV",""
"181","c-6KFiYxHkur2u2-P9p_p2-yw_aIsBIpQtKLWXkPDT4sUzgUL-2UuxDhUSXxDsQI","Great survey, thank you!"
"182","tjlKlA90EUFfd-1jd8lOcQ6QqLIX4-ghQF_7slLVIVWsVrCo-xj1KNfFnqouabU9",""
"183","4AOlOPCMMHzunSufkDo3HaDVNicCbvHV_oHZrMo9WOLt9h6nzdk24on8YpdRA_B2",""
"184","dLufjZRpKV_PbHv3KFrLjd0xVazSuZq0l3nGS8x96MVXWvBkiQTHG_P4fu3tbd-H",""
"185","GZQoLOE8GrUNumMyI02Cz2wXJzSQKLLayNt9DVV3yIu8JdcP0VprGNJIZ1-sC4pL",""
"186","wi0Ak9VKyJX2LRySdH_vVGE5FKP25_asmJpqMHvL-aRe7eDM3LTTGUNmXLJSKy42",""
"187","ollohYUcH8dkfdC1VSQZwmnn8ez8lLagxCPG-g0bOkC-h1l1r8wXAWjXa4Ieqhny",""
"188","al-NxAVjnM8UI177GX3s4DA3R6JzTT_JN1e_3ATbu_WRB3YO2UJDR45D_2srJIdf",""
"189","9d9sO6FSLb5x6wd7mO7t48o2J2PJqzFmAktVL9nZ9oUUa1oDzjoimjNRsX75HOKI",""
"190","FH8Oyqx3P3u8L8bw5DLnHZ3MIsWKyjApy4q77PioT_uZzxW7kEdqWsEVRuPANvtJ",""
"191","8D-mH7OOn0r02-xtJdliZjp9jepUd-elLrxwnzFTKCqzupMZOJp_w6Fbt3kgOeMf",""
"192","jzqmQynXhsnYNP_V65Fk_m063VnA3OUb4lXAzIzsgajqUvkGVyzQT0KuWRRdoD5G",""
"193","CIN9EzyJVUYj2r31oLt4hp4NHK2IX-AmvSZ2zUY543AIlNfl6oK3wYeRQG7gl-ZM",""
"194","csoyw1OKN3L49_36YCbkVL4-tpwzk81LvUOxShOa70XKDHbOSa4eMtFIC94Qy82G","Thanks!"
"195","ODpmPun5Mg1jRpPIfXtB8GOIhZY_XeHftshJYt-0RKzf0d5FYTdXw8ponelJ5Inm",""
"196","E1WN0d5Vzot9TXzR2j6vrY5YaVe86UBuZ3epPP0B9LfxHZbvmjnVgKozjZyl-rBM",""
"197","L-w4kPKtEnoSr2C6EBVdKwuAkg9KxY-9EmUpc1ilLKon6CDKepxRF9X6SZgt-2D7",""
"198","wV2Ez_IJ5liYuDCCuqV7bnP4WfN3s1LKMAQNfHJkx9Ybh76RthGBM4erkj8g3jZ8",""
"199","QVUfpj6zpuIFScT_OzTSNd0DoMdc94kIUVL3dPL7hEwyJg7l5dbm-S5JO50rShT1",""
"200","fJzQVv_EHc1kUdUjTkQyBuGDDdstN08TNzwAekKd-qGa_MUvvD2zLQr9k2H7C5k_",""
"201","ygpWWWGCH3zWeECLdQd39xXhf-cMqM4hBLVnVH0SoTrxvkXz_0PM03P3353gS6Hj",""
"202","S0XNV_9vr76i-K_n_6PBzXbACWOqmLPU95WaXsrpaPTHfWp1JlUr2P1thMQEYuRl",""
"204","ScqmCpZRKu5ZKR__xS6Fo0FQf_wH5fjVzwMaiDZDVHPgwLLdg6LWS5mR5kys5ilK",""
"205","myCYaoPEjKA5JnSiPSmA5eFOmi0jXKdiORsAGBhZNMG7wtWH0nnKegRXSlAmnscq",""
"206","ghHbNG7JV6U5P7RrDV9chO2lAnLQOlsxWXCJ9Ls_6jVo57u6anAuKDnnHXvMR7LM",""
"207","kls2qS_t7dymT-JhVVDtOpRL-mV5sGgZ0NJ7pOx7IzJJ3zkzsBDXS9gE6yN-Iajx",""
"208","NOJqTJ_cgs_cRXh7JrNL4jfXRkOSBh3juV5X03qcfhOQVamY8Kx3vZvqo-V29hUm",""
"209","6Wa09skAnnaUkFpd-PWcseH1ypOc04hNqfzSzKM63D5sqpgmRphnzLjxSuKNc7-J",""
"210","KsaxvZTb_Vy09wz0e4_2k8E73EPDwahF0bx-TNvw4pGs4G9_55UOsqBKnp-5Ti4o",""
"211","8Cs731p5aJgdzHubzU3353-Cv3Hb-AI3bJC9AXRf13J18kNt6VGy2wvB_ToZWp2o",""
"212","EDfxLx2fWZ_AxzvgnaX0CLMJoun2GJxpk2jS51XrmTKtc7HOn8hvyOBqYEwS5WE8",""
"213","Xj_TG0K2iMbBtA6mV8oqhO_KjP5EL0PLp-Ggxr6yqDjx0vlnv_Fp6sQXsIVxWd0X",""
"214","dTc-eNaI3Uqq6DXSUtEMcef7H92FCLu6yulUdoZ90edFvSOQYiCBOWCjMFtcSmZ7",""
"215","4p0hIimjVCMZg5gDWHIYZOuXzhIm_zXXuxDY1Ri2j6mBu7LCfsp5hPJuEM6q3p0p",""
"216","w4UO_w0eluT9inzSXFxTNboOWS5QFImzx5QA7mFOa3uHQG-QIjA0_58zcL3LbSTi",""
"217","TP1I_xxacPsBI_Z2N_xbpfDjp8eARKELbqtkD_BbgUAEkF0v1dJIQyjU4BGHnYFS",""
"218","FmS7eipNJ0ZLLwn28uZagwsKLvlikueAg4-qImCVPgA7Ney-gOVhExRaSXXVyXK-",""
"220","k-XXfQFsml_ZGz9Pp1cF78Sajqr_mFfOnHRYO6kdTXdA3wYEz9o5FPCNITLq1-Js",""
"222","vqABRyFdnwWCZY5O4uqf1iWCe7lB0pagbbcuxH6JGBAP42k66bAKM6CFoe9v3FVr",""
"223","LNxIZfwYFtI6adyaXRvhfWpbzjYGw7jfNGO9zQLbYaKGl8SIKNxmvqwqvvMvr1eN",""
"224","OJNHsdl-8Mn4WXSP2R5wtrJ0zcGdst2QkedyFVu3DAZ_dBTzlbDmu3wcjerrYOq7",""
"226","QtoKjp1GLDR3QtUbvtOgyu_VNRzW-yexgCzNNMBy7hIlsQQZY04oKImRBfYAYNFb",""
"227","nr6yLh_6sDtPnjtONPK38jaKBzP17aZaoCIa0AyQvpPadhvQbqktkL9qZg5PlJjh",""
"228","So52dFzVG0P3EHUDX169u5yhCTqwQCVd-F4tsG16bc5SLNS3U2whkVjvq996UDrZ",""
"229","n0GlAaeGOA1lzvjoEJ6VvebvQTKmvJrE-q3m6SrDJjgS734KsAZwm3XF-Mg8pw4K",""
"230","kRvIh_rgowoyW0sNlQ0zeygvbOJdj7aycnZemvZAKT3P1-fPhiIc95pDyBMnhOy4",""
"231","YdOI9XPdRU_fAvdJJydejLKJZoUHQDiNI_KbI3md0yOvAP4MT1i5flx67t9rRu1s",""
"232","zDxF3ett62xjsIe4dFlv58LE3fAtPDV-5OKBRnI6lAe8oLvZcavZeDjrNJAXkaSV",""
"233","VCBDuiIQya2lb_f978b4MG1a7NKz1TSfkDx8ACpOC2AavqiTpA3TBf4bTeWyg5jw",""
"234","oq0h8DEpbvTWPX2q0vpwHt9maRT-J2opnLvp15WZyMcU80sMkVIVVcK7NmNWY6f2","Thanks!"
"235","FePE4Rn6zpENoS6c0t89WkSwYZTUWyHv8tSjfbXBK1op2N-x7sd5lkmiLW95iS8s","Great study "
"236","u11d9PHaV272JlHX5i_fcCB2ZqKHqYS3KjLD0aNRDG8Xuaos1jNogvdz6SCT1zoE","Thanks"
"237","VWtADmycocFdnpfQdy-Y-HC1x9-TYxjqE0gKyoDzs0Q9u_E-1hfJE3lkd4r77pve",""
"238","W-C3TPoaTxZyofXkezSdhcL6DAtK6cVoTtcqoglshCHG3XLarpffoc8VF5gfnKxQ",""
"239","QkAIYeQZtF0FSTEkUFStwvI8b7w89yp4R4oISDID1yiP9jzC2THVr_0MjiTYIVng",""
"240","jgNEj_XfcXXcr6iRBriXOFr_S9z_tVoy477I-hkd5SZZlosDhwdoOzzkYk67H9ZQ","Thank You"
"241","9vRghRNSu3RR8ptrIpGc68Guns5PTHWtmlScSKSwbd5etcgNmaydZBaQ3hohuICq",""
"242","B86oh2oHrWMqDvtw-cSmw4MUMExG3vnU0nwiiacR3RysQE6WukfPfrIMKE0emNBC",""
"243","hYfxL-YM7I8nZSeKuXbxmAOLJkSei2opvXa9h0o1vp7idhfib0F94lQf2j03WqqU",""
"244","WG3eXWqZF9bdQFg9spbMtgAF5eFq-_fqOBHCZ-jzhu6dYbBbSD62xtbwS3uk1jh2","good"
"245","eA_QgiwkyoTXLC7ntEb-7ScWL1O7nYCeOOtWVdpejCbi2jqp-TZ3X39UCAVH0Sh6",""
"246","V6wGo4l7qfiarDjRNS50kFTIAUfNn-DfGeE0EvLR7UWR9-_K32rdNb4fg9gRjPKr",""
"247","QaJkgKWrTGlxGXflgaBBrwDAnNAoqOM-pFj_5NYcrKcE7uOBUv_tHP0pdTng4jZ0",""
"248","bkM7yk_39Ta7b0SMV_zwirGwrFa9yze9KkUnBzPsRtSqLgd8g5wEONZclRtNIZ25",""
"249","VnF0qp3CTBJo543lg_NAyUngNoWkJAMkXncHFhP43iSN13JefphDGpxq3qHH-BS_",""
"250","d6AtXiK2OGHrg9Pb6pdeTLnWPWugMY_Oo9PCWIkHuOqtdlInBODLOkOGEbY5OnIE",""
"251","QF_dD2wv1UU0LxEuqQc6AoNfze9lAjOMf137pX0MG6UUx_v1ssw8MT-jPrkC0zVq",""
"252","oDpKOgwjvKdaFI0tQggcaE_LQ8gA5n0vhKFMtms0Xw0oTeFtHW41B1t0uaAOLWu4",""
"253","TBAvy_0teE9tpSLSZYwC6ggg-z5ckXJUIo2Sw2iG4PoCl_wsRIDIP6GyCn90sGX6",""
"254","K6_SH09UnVXBY-M29LcwHibOsqRrSyJFjpgO_IhePw72yjDlelx5dkPd8iYuM8g3",""
"255","UK1euELLo6uF_kTuLSJKaCPsm7M_A5cXH3nb4dbG_ioV1uNxc1Vv2909A7MsnGHV",""
"256","b6vKPuyF702GI3_W8zC2ekad1Zoj8MZJpZxI24ZWVdWq9mVH986BQvbhoku45JTt","Thanks for the HIT!"
"257","XMRM24X2IFD4QBHriEAkDW-GXFpy81-dz5Hw8HJ5JtVtFyH-ANLQF2Yewyu5COxu","No additional comments"
"258","wbvZi6F6k6Fyv3tdNXnNiOKMmVgl3TQWSRRX3dXCpyI4-hUnkXOJNPtQ5uTG6wcJ",""
"259","TeeQhb1RSeU6RSyKed5Up6gOL1Y5XcGrogCcBNHI9ATJjisAY3a_IQR6HEUacNeT",""
"260","KcmacijnLemN0PxjXnlxnCAVHVYfbar8D2tgzUHjGrikV2Y3uPVsPmbN4cAByLlJ",""
"261","7GI8U4McYDxybKnGoKbqM-gCyH7zRTJNWpXr8KQofxEwt4fVPup5jS3eXYm-drjH",""
"262","6d8lhYm6SibJ-cj1OGhsNSr51r-xFJE1ywtXzETtcPRIDHM7vs8D-8AzsBq6LwHc",""
"263","dujKwVLrkHv5Oi5DB0FVGFsA4yusDLq_2QSrh00RtSAZ6Lq80vIsEaBxNBd-fw4Q","The survey very imporan"
"264","oo7WzF1Tz0UnQ7G5zlFpxtd64uyiBrjRjWov9AJYlQTII-zoq0oN_fC2MnuTfms4","Everything was clear. Stay safe."
"265","MxhfY0dX7Fv0MqU2E6CjOdU17DQuGpzCdMrZxGNmql5kneh1ugmYkenVPSXYmp9C","nice survey and thanks for the opportunity"
"266","7yWnqZMSxKkCOlwEpXAmJOuWBDuUsZWT_yKHdwc6CWLzD3lfuwpN2NX49OVXfoc3",""
"267","Sb3rtHi2UKwkkrZK6CW9-C_puWGLB087Tj0cNVLEbX82lpWb1chHffYAaC5CK_NO",""
"268","6FxKq1SuEZ4Ng5COYUOsdOY1h_1A2NivsdD9uLcvek5P_NO-xyXxhlJj4gdcm5md",""
"269","rRDpdb9VFJHG1o2Yebj4KRg1tA_FdbT9hj4kaRdYHk1qrmFnIWibImr0Xt55bSsq","The survey easy very nice"
"270","LWzcLcucn6SP9oSkYVboLoTqMCZNDCco5TBUBDoU0Aw3WGV1yLOQnrJXk0WKXfIr",""
"271","drsdcdjUohgfF0W6qb0f0C6M1qBEigYlNvE75PFxZvRRrQ8qmtp9aaRDSGqPawfP",""
"272","JODOqmCcmvRU7VkqF_PG3u0UT4vU0QM8h8ZmywHhXia1vIZEbcIJbtCH3_ULpHOi",""
"274","iHSMo0VzODrxwPml9qcPchtak5VrZNBF-dprk4D8hAKzgAB3VtaOtHq7aXndw-YB",""
"275","yvdxAd5Bhr7m61pi0DDT7J7CqK3mhU5MONLbuXdF9qmuDU1sfVv4n75hwrhviY0I",""
"277","EPIPo0qQX_QYds1eEy0HYEdQ1Gy1dAVE-Sevvy7p_TXYGfRQ5iJQoUWUia4yuOED",""
"278","gg7aTMz9u0fgQnI7E_ks14UYlwe65mfN_W2PXI9xu0S2w8iBHarNt6CHLIUrTfLW",""
"279","MJakGxsx99-VKpVvs3n0OC5NeiWYjaigKF1xZjNTlM6_PAP41PnpulU_xYaNGnJ4",""
"280","Pk9qvxKJdGLywtAfG__FVbtsbMbV9YWkl5RYE8lDoLHiJy7WQjv81jtMmaDlvkat",""
"281","iGLhFxu9Oaa-RbzHI2bktLGdQMnHeL23EMnyrkogf_S5HNJvJjTu4iEDZz3uWKau",""
"282","So95Rziik3eO65Uqd3DyMtRUhWFmB8jCr1Iww16u-bo3PlmM9NRhwYz_1UXpqfES","Thank you for the opportunity to participate in this study.  I didn't see any errors or experience any technical issues."
"283","pXDglPpm9POHT9d0LewT-4e7N81PjDT_iY7UVhRDsNJHnPez-B-Mk8tWoPcdBJPr","pay more."
"284","1SICe1b0koHFRVy2vrz3ntRzsfLUdf1iE7gn54gO5tE27Am5iZoJpK4I8WhjgBhb",""
"285","J1aFJNtdP1hIo2ydWPfTvetr3NrtG6Yrbaal9enb-CKDNNM-kGUwZ-1kWC0tItYC",""
"286","J8EkSvjLc659kopTiR5_xdKJNeap4alOqXG3cOVFZ3wBg3YCmPKSVnBasAkm9kJr","GOOD"
"287","mp5NoDJVjTH04W9tSJ8aEp3tjtg1dXDBn-gCEylxnaPgrZk8j0kkXWssGQbvbV2o",""
"288","gq09LqFy2A2_ITIF-1VM-ZFCZrIb_XspaTUrO4SczSUEQRTVxbpfH-9RxHj12zyM",""
"289","tT-5kFdMm5YeBWZY8AkVkfpVMQfLtvtkfnJPXYKLJ8gLJe5ptCov7mV4kbG-y5nT","good"
"290","8l6tCm2hbrOYldpC0kuz2jKEvR8xX9etJ1H3tp7oygMnEqG8KTyuVoLuxLbaS7xn","GREAT HIT"
"291","K1bIGnGxXRlpP7kdochhDvrd2HZxmYh8mX66acD9h0CP8VAMLSoBSj1zdi4oVyY-",""
"292","gsT-FhLMQKvzBwcELikrUtBNylWFicv__WR7UP-esuhCdHkjR2TRHYw6jWuPLT4L",""
"293","FzE9K52XmCCBnVGhhtRn0xrR3_i8IUSTvfnRHBi0GD_cunLyAIOszTYyKlkqU_4C","corona pandemic completely changed my shopping behavior"
"294","REmJDr0kVl3bwQB9rqGVFGkl0XYvVhSC9rQy7H2OGNoTXHXKSn9tnkGrRwULizFV",""
"295","JmhWhRBmKVf4IpvDLJM4_SgbMZqODm04CDpE7dWXowjgnCZwnFn0RC103w6geUIA",""
"296","bpjegw_QFq2NRUPMVd-D6ui80UuHxOMHNwFl1-QDVDuEK2dw0EzO_SoLromkx8O6",""
"298","g43FCNINdK-dVZCpFl2mk1zjK-hLyzLx7YEU9geclohp6Lt8AApwDSGrQXAStfz5",""
"299","BLKl0cmibUaqM8fffZGuIt715oGdm3fi5AuMgABrevVUqfl0qI9ir32ghGeRFel2","Thanks!"
"300","r-gayQftyyuom9n98xxeD9mGtoZrOfT-_B8leXvz-8b1a-sS7r_Sv7aaS4CuH8Gd",""
"301","gmJXBKi7XS1MqRkjlEV9v14njym1WDP8sML3tds8qLXvgr_31OCowGbTFF91YPb3",""
"302","aIUddSeIHmQ06BGMwzVrNdCu9xRXMA1bYQ6ZHLl-BrK42epvevpetxIglWNHj-ID",""
"303","g3949AyWO4_NlTuaGonmt0u8JAkkZyTSYV_Sb8I7usnbM7morf076-IJs0kzbEAu",""
"304","crGI3h-cBoWpAq4oaSuinhVMxJ2G7QGZU0sZBnEgG7MRj4CR50qkdIQaD9Ld8s8e","Thanks for the opportunity to participate!"
"305","hT5B3HtjjBprRXtpkj-VKpZR-OA2wbV8drautKL-mNYWRFmWg3ldWGDxC8_HHcXv",""
"306","_KefiFoltKQYB6IGSGhDs4oA1XxGJD9DxWhE-EntKzkQMd05q-xFqzw4qhmhV9_W","Thanks"
"307","K5lyemZ4BeNa8fQg2iFV_r6hFbr1ViGg-30iMK9V2u-fdcHgtaVrNlg_jnwrI6MH",""
"308","Gyzapt0T-5m6bAtBnJ_KkXlo2GxYNO_Mdbn5FZfCbRF7SgqT750XdrJ6Hvw5AbZi",""
"309","2xRSnliHS7BKQG5Xg5gmWLbaLjNEPjk5bypTl4RRtxQ8RV7LvGGI1ktExrpLodb9","GOOD"
"310","TJQMw96CoSoSB7T7LLMeid8k4pRjjNFt6_z26IlW2eCpD-9SrbwJ0GVv4Vi-l4Fy",""
"311","WGWwjFqK20B1hqoeS2EU0PcJSNigTLpJ4CeZ--U7U7SupPjLePgSnf8ZO4ulO9MW","Good survey"
"312","ArIQ8ZHCohvXq4ghP9dWMSdSzSNLZ-wLtrRggizOaBR8mR_CSSneCgFVczeoxonK",""
"313","kzDNhG4XG4xHxqbyeFoUYnJVt1bTGGqUPa7yUvRhICEZAUzLy28V1YGhaV7676hd",""
"314","nyi3Xv60FB7pg8ovX8H9W8-pIYJJQ-PMu55U3JtsxyvvKpQhGllnsF4oy0mQyaQi","THANKS"
"315","_oxO4tjcyXpWYz9BNbkWbtqSxoz3QLCZti-hZzqmZD4o9Iyx82T0TIZVjuZxo2lv",""
"316","IvD-VUSrgeklHiGHToPfleaYO4X7TFbXKIVwplDxZuoXJ28_W1GkHExEbrtjDcMQ",""
"317","BS34pI736Jh4IKS5CB45XltGVP1ng5_YfigEvQsCjHwBEGJoSqc5kenWALFVlVc3",""
"318","1o2vLtT7fjpqVYQMZekSH95zWQrNEYL0YeYI2bQvF5M-xCErFO5xr8PXA47y_cXI",""
"319","TXfzfD8LOvGhB_zmdrHVrnhtFUkYwRqCxjczSLhyCBaB4kuwKtRRDADrL_FULgjx",""
"320","s6Oh7oi1rGFngWFaGx1qIOHY6yV5Z-R_vCxMvMV6PknE3ljfLf7mpWw3_PaxkREd",""
"321","a1Q6z6hOQv4AOHinhNNiEyO5dG9Hth8qrdG0-M30bi-mMwYthxuB_iHrGMlZHsOB",""
"322","f3Tdt04m5rlSvUdhx7MFC4-prrW167NomHRHVn9qmx5M3EOo6xK1CkMdYvOx_cf2",""
"323","IE6M3jgQhOP5fSaHgttEM-St9Wp2r5uE2Y3sA516GH3cqpajxy_APU2kGlXWNGxD",""
"324","TIUCmIpotOpL3C5PwWKCXm_c1kBvhwA3Lg1fZsinhk-vP8n-qBTGACqX2ihlJ-42","no comments or feedback"
"325","c6Wc9oJOYBJgo_ByCzi-7Iffx0ezyVWDXdrbry6ChSLHunrWuYikMV92cXocho3U",""
"327","bjnhnu8jnzXHsqQGq1FCCOmC5JjCbF3BUp0VsHafennlRvscIB0-iNgnYTj-Q3k3","very useful study"
"328","kxtlN7FG7o58G-gQH0-43gxZbwN6uXBBvzKyOTAAQrNvrkKFcTyCH030os2pvFQ4",""
"329","3kr4YxKchfCWKJKXMj4Ii8rMwWhFj5qUBCaybFBcVeb8rRwMuY1QGtNFvAPd1Q7r",""
"330","8jCNPX5CDWmORF9i_UvsODCv4aIx04wJiZVsFtGrUVu4YyOBvNcDkLxrsMQnPfNP","Good"
"332","MWcJgKyxowB6nkjpV99X3qF1NCYYdzeIm3feS11vfYH5bQq2hEz7f18xl7-gXobw",""
"334","YeKV_4XABpQgMiAQ5EuKPrMrScGAXMhU5I6kFqxuQeQOTD2t7kDV2Fgy5Dp8MhW5",""
"335","4FiRsWvfrRS9_NAvDx-L8zBqqSapaIcO85gEXPaJWZY3YiZaNKHJ_6yB-reNCvdP",""
"337","O5FbyhifEEP52rO68VjIclv_1X6WqM3meevnE4lS5ghz3rCiCVDz5jAknr0mf4tx","STAY HOME STAY SAFE , THANKYOU"
"338","btmC_2XRD9jZNUPqNZVISBqOCScvC9bil1v41FU9Y1YKZdZ8RmmxvJmHZ-X15bNg","i like very much"
"339","_YSlwipBcHLWg8vZFumXZJHU3HIECUX5EzsZpQ3MpIxEvflVwIeXIpQY6QzKyDYO","well done"
"340","_H_CgYe8Xwt_XPbST89HJo3V2siRUUPnUZ5x0uwkCuRr5O4FScfMEs2SILcVTh8k","i really like this survey"
"341","qYDMIN4jFgDGDji_t0DSmu54i0IB1zgVv2iXWgMzi0qHfLVLwv6x08z1nHp7APhr","A1LBXBV4KZ952A"
"342","BD2FJIBUk-cXtPp2s14QjbJljLFs3iLzEWzcKe478dnJoj6BI2QsieoZB7CR8BzF","Thanks"
"344","JcR2byR1DBBpZu4xbfZT8C8Gd-v4GAjyW7N1zPSFxHiJEoc0gNoZCz_McAVyQUJx",""
"346","chCbqy_sL5jkQV9hRtYRPWjlYI_r_qPXgqnOE80F2sZf3mRPDjhCl4WZtKBpO5pz",""
"347","CfSsLCpW8E8y6Zlu8Tcm3As9geyovPKmoUL0UffHkkVDL63P-N3V_rCTwtTd1dhP",""
"348","H3NfwHnDqK17acmA0HEJhBhdueU3dS4DUjhuTjog9kWF-O-Ql5OcDmz_U6PEfNap",""
"350","m-378UuoJ1Cv7DMbxGzeiE3-zKpNDjxJrlVPNqoWZYicBBqeInc7BLjTFZaHWXVf",""
"351","-VbkuyapYcSJAAkrLY6N4JzT7JdDOcZ9qIYm-lIM2L4eD2dFWad3YEE6vtRI4aWe",""
"352","xJiZNLgbkv4hqFwemOkkVUQWcxz8S4-v1gnk5_RdApbVSULM7P8XJuIjiyTLTnXl","none"
"353","GDach_20kX5tq5HeWafuw7Hk5tk6aZdcfuD2TElteGJ-5j3sMYxU4tLY9D-NU8Gm",""
"354","O89sWHv2jClclre3yBzMu1vn70qTHxQwi2t0V0EXtU2WtsLpikK_9-pWL6ejt4vx",""
"355","yPHGg8wjDGkdIrNBj1sXSiCqI0phY7M5mVJ2H6EPsXv3b9_Le5v8w2uvHzzLYxEs",""
"356","EhjPWqRbsVWhCiiVkvkQ4-OyFq58hS3z689dq-Ojk79FCYTPbYmPEDg8MqRnGdgI","NICE"
"357","Yt6dJ2Ro61KjNFY67qXWxmij1Sg8ZgXQHkfT-fHoXkfETf6_t3jfRfeo_fYwp-QA","The survey is awesome"
"358","_W8q7tVvdNKgSLNh-XKpdMduzN7FBOZF0OU2Swfyuz2AtfIbM8mGB4aCeVII6yCp",""
"359","IiNMhjPovdZhSde1Pfb5SQIDclzqIQgewPzmVlPDuXfaBOtXRGQwUux_6T9OIhfr","GOOD"
"360","7Lk7iLSOc5r2D-57a--Y9bYyN1qN0-oF2pNce8HNriWEOTI78wEhIyuGByQDg3mD",""
"361","hiPA_oWwkV5-yxQZmbQGd4IOnwqtw-ejtqqFjeoTWCG84OYZNKQFB_eut570hmyC",""
"362","8XbrqrVHyUdQG0O-s7Dj4bPCrf80o-e_FXOSrU6DGZWDiQmt6QWhSpJhY-CQa6kl","Very interactive study"
"363","8yYS4HXblVN99jvplZTqqtZCAKpSvSnx_sAJPvrCiFxqux6iVBJqCxPuicR-xkTE",""
"364","d3PzMBtsawIUf3lYCPFpo5w6w0YLJlYeyupAruYJ_vvjSJptOc-O1cqQmg5rm2B_",""
"365","F0bkJEbXcdvpNgPZlF0FViqSZgAR11C-sCU_RvFH5He3gOMzNwf6ObAqxpFIPrm-",""
"366","m2hbGysyb1BB4QD9Ci8aL9psNhELx4REWD0BIFurINB7HIa3DOCeHtLKGnaamgKm",""
"367","0Na6GQjpdSOvyJVHOYRjaPXKhrE7lPLhazV1qVtCnuFo8U_ICMwtyvcjDlgmUsVn",""
"368","Q_1DazAeeQdh6uZYS-ahNL0YPJLpV5eDMIjLONuczT39Wi9YXe0k0db_2c_KNqQ4","Nice survey"
"369","O5EF8iCgGgbcNmuN2MkwHZykaU9nzTa2rv86KATa-PERz_ssJYZJBOPhYz8JhjXq",""
"370","Jw6jizrtfMfjsu-LMrLmDlczCF01oXSNqI01NHkDZy8cXx48LgSA0OCB-vnADrPA",""
"371","sbryjIy4g-uhY_UxFcSs0fiqPjoZu8Ywfiz-59pNr-Ic_AiEgotA4dM_3m83sfrq",""
"372","QsZPEcAG1g8OrRK0rdJW6tUBWuobU0DF-jLD9wjQ_sfJUEeTalAQh_bCVnWltDZI",""
"373","bZ2md9FmJfzjNYfN1_Dmqb5I9wqtaaHNcplOuuK1-f4MxGxjux5imPBEPf4vS2Z2",""
"375","sPrCnEFc2KEQvgorLQ8a4HwfYe5CnZ9orsqRZuldDS8MkNYj2arD6V8ph2ytfUrb",""
"376","DTTwISpHcTLAx7xCecInLB6aLrYCvPROYN0Uk28DQ2tWnEBDBXZUu0GmB3oj97D5",""
"377","UmJva4mk2PzZYKVk4DCq1l4DwRIyaYqL9t_NxxmLsvgvcu8arIty_4hNyTnX7BLM","none"
"378","V5D4e-q8FYtJqksEvlLXyLddwZrZyCmwkuQix1nPd8We_ZFv0ytzViDR8QlajOHH","nice"
"379","vC02MNRfQ_upI8s-vBnszacP8a-Q2TAhDxyyVklAzA6Czj3agYHrJwYZC7JdS3JQ","Thanks for the HIT!  I did my best and hope the data is useful!"
"381","I05p5N9urVzKbyN5P2HbAJEH1FpdM1meaxjkmxlf9wMK_mJNPzEUu1wvx9eYp4vq",""
"382","7H6JdxbaMx4GrguIQO5PLaifI8qWcsQtFATGXAopzuKR0LkxCYZoimMA1jSQdwff",""
"383","jW74k75Nhfr5IyVFIYOgj-bW7SHdt7b012J_YPP1lkarGrY8o5nKiq2LzHNVX9wM","good"
"384","4omkyJ1En9xWQq6bcFYRpNfudvbcEf1JqZ_wrlnKr6yCLxFcz-LjpWWZqhs-pr-m",""
"385","BT6AEvobwvirNToEsREda9I2yEDXOkL7j3G6qAZqAckAz6qWmWufsFy8wrpyhDnT",""
"386","yMv9pXLjieKIwxFLi5o0e8UaUyM3zocADzZ9D063T6lZc8BjIJjJy8_fDMK_X6E7",""
"387","afVp_a4icT-FnWgdBfXGo24py0nT7059urijhNd1Pg-Fir-t-BjbHwzPJs3dlxHN",""
"388","SlAOihiwhtrgsDraox83JILsRh0bYtjGhoxK9a2VoBt5ogdfDeh6PoVsEcNAqFMK",""
"389","Z_M1Hz8f98nvn1vVctQ55RuisFE2qerh29XTeL3KdJcBolyxQhhzov8y4XH4tdv3","Nice survey"
"391","nJPH76HWHkraxFFhQ2iVGgxMr8Ifhk-e7x1bzTmGLHZnsIUJvkhjpXSSZczfigO3","thanks"
"392","A1af6hk6mu7uCH9NxMW5KHDMcXivFfKLciQPPJi3oFlbUYGl7jqG2umegRpBG4mp","So good"
"393","IHPjTjd-At2L3m-sHrSzWCQJYUS_N0oWHcfywmqLMKkQx3_EhhgRlz2yu1lcC_3r","good"
"394","J11I9kQA595VQrQIly9_y-O1M4tHwAbGVFqMk5QqDbc7VqFZk1MOHT1BiGpoCi6a",""
"395","vCSvFEkW1TS0rYXWS5D9nMkDOydy9SfOYp4xOfHCDr90GcKDepeKbcLOxbcbdIkO",""
"396","7gIXxacb4sIP7i4EU3Qid8jfDssnKhBE3x0Y7FfpGMRU0E3lazKS3PNyeEw52eYj",""
"398","yGES9HXGxMMrTmuuM0suomjcf7e4InZLKjJkQfE1HYS92S-8puQLI9UmxO7i56VU","I have been looking online for some things to buy with the stimulus check! So far I have resisted, but there are some things we need. I don't shop offline unless I need groceries. My husband goes to the Dollar General downtown if we need something between shopping trips."
"399","CMByjk_4rAbcbDtVCUC0CacQH54_cixQMBiC4D6LbyBzHEfvbT15ad9xfufwOhAO",""
"400","BAn2n-SLrl6LViderwcGmLeFPbhv_Tjo45SZ2sYmOc3OQt5qoGWVMceo0Z9ZQ4vu","Good survey"
"401","e_p8bX1OO4qIR6KOpMBPeQRoTFPOhCm_T4o9_Z3pc2Vltqj9mmdVHZbMBw9qc7aU",""
"402","IfChGMPYxtZjixKS7hb_QGsqqpTWngPrS7bgp4poJdOACU3acop10vQ519_pusmv",""
"403","-Uyxac7SF7CgvVOJFRzXOST-LV5s3GOgr_wt556wAloLy2if-Eir00jJ9vFXzW63",""
"404","wS3MuQ2apZjdzHdBEBQKUR-3mjxSRrvS3yNOoihqVJ6IoKYyhaGXZ6vqqlO_KMTo",""
"405","wxcuwTsTr9AJQF7gxnvu78g_U7QgcsmoptiwMp4nDif5dYaGrNnPkzDgnw9R4CVV",""
"406","h_H0EbWrqVBxMavjcVX68ZOq9IjTyHkfy7KsPf3suMxkaz7hb8dTBYdRuKX03Dmh",""
"407","tKe2Rg1hc4TW0M2gU8mPdosEtR89Wg3Wy_8WgpIxQWpcXaeyMSQUAigrXUFkLsmt",""
"408","TVPlwHgoQ9lyyrSPtam6n9V35wzncrdSs2dH_NG3sNGe9CH94ngDEUwVBupFpiFT","None."
"409","og7Yhhr1KO2dLfO3vMOL13DXSbNQVqBjYFYE9PGgBIdfmrrY00XaA6i6WMfkPrOl","No comments."
"410","kp5DBmB8_fIg4JMNm811FysIZ-H0For4cjR7W_hTSkA-lyyzbtmRqGzi9GsfrOu6",""
"411","luCvOFGqUk9BNe6ghJE5wlXsEKHo4YG9_QkMt4nqjA_whCxKzlU5HWyFwS6CvRnK",""
"412","8s5TFSf6J9ej0UnUvfvq58938BiLXny7P0lnUh4cyLAyFh5-aSJh2aa4HkQ1nuX9","none"
"413","WDarrDScRQhjEDBu4UPdMU3VHgAOzPU74m4dEOBUBwlW-OBKVgfy9li_UfGiphUv","Nice task and thanks for the opportunity"
"414","xZC4r9YBmf89GhSv0sYif-HbL_jyozlkOltRZeY8Qtf98T2j2whRr-p0kGzzOJDb",""
"416","Wrn448IgMYPKJkWDjPZ2sdqk492862Uu6C2XWQK7rS6GTlquBw-yd7XeZssaQAW4","It was nice to share my thoughts on your experiment."
"417","7TUX4MzIkdaddnFngfYd02wYReLmAXnqRBoTSeNVsKWgFa9J_iXFW_7d3yw7-RKm",""
"418","Q1nRW69_TjJLdjWB9Duc5zYGzJfXKMidU2GUmRqIkyIH2j1qHP7tV56zIaiuze3E","nice one"
"419","yauyBPUuBSzOV1ZBGIxEFfkBvx6xk0UUq74njH0DDTVqCB5Efwc-SPG2wHc7KRRD","Thank you very much for this HIT, and best of luck with your research"
"421","xZabRC9VGeWixJHiMxd7-k0NRHrX15ffRLWwMCbjkKsqgQfSqXNMq264BamJv20y",""
"422","gvCvzLccCmNVa3zvYZmQif2OpI1b8osN-g4_TX4-Pzl9KMB8LiCx-HEI4fqcAde1",""
"423","dISB6jFd_Y4PvnIAJmyddG1pv1yO6NyE-WTSWqeepiC5ESQo0aQ6niwdALaBZgrw","none"
"424","0kxvF2eL5lMz3xZFJOc3YL9kSW5CXLcA84MUtsaI8-hRwKExtfRGXffWyG7avBP0",""
"425","XgIamcnMKbUDSNRywr_Nm67HQtaNY1Ahz9KFjicNl6pWx0__H1B25MkmFFEUZ_cW",""
"426","4QsdNZ7bOEOQKgPG9G2jEokXrQ7n6vF2tknbNjyHg4d1swMyNptLf0DjaGgR6Eue",""
"427","PXhF8lfLtr7xn2bTZYTUfan4mO09tlcqm0kN2YbYS-x8O-t3hXPSgdFl7uqfAXG9","Everything was fine."
"428","mxQcr-Jr5twGbf93ZDyQrUepEJfCT6B4eS8pZp0OjqUyPSuG6XSXknz75V2scvLt",""
"429","24_rjz5SAs5LU6lw2F3bhvfCD3tzsHMkS-66SEvzqqZ71SfBfiFTyHRknfY311qq","Thanks!"
"430","g4mODTvrp9FyTbQOMBkcy5Z9cE8ScKtj8n9O9WuEqYd45mtL0JQ8CEOO_TPtbG5O",""
"431","3JxMR9NwQ5n7vdFnCcLbMm4uNWSQ8J7HiCHG8kiJG-b_XcsYLfyl7taKy8UsHryp","The dog question AC was a bit tricky, and I hope I answered it correctly.  It asked if I ""Agreed"" dogs need water to survive and I answered ""Agree""  as it asked me to."
"432","6EMZhLd5nOnUlfDaS4kheHyJmHpUul3kgVXDw4XQlcjDdkkVge0uecsiW9fjXOWS",""
"433","s5yXATG2ayTff56rc75ykEb8YxiSKDcrEN6tvNTNGT7vShb8u2o5exljdACXJtsx","I've taken many surveys on MTurk and just wanted to point out that I really liked your survey layout. "
"434","82p1jt9iSBA0Or-ALqeTUKYTKIUljNjFeo9_gbFfC9CrEfRLIclGaQWAwzrq-c-m",""
"435","548GKEDNcXuWcH8h8ULN1nHz5zdOXF7EkrgSKE5b3E80-ko3_At9x5VkGCFFlx4w","good study "
"437","pvtWqvQJT6U5Vb4gmdLw9v2QknOhoJDok63HpLnlE31SdLdWFVTvMSIW93Aais3i",""
